"Vehicle Reg No","Trip ID","stop 1 on","stop 1 off","stop 1 fare","stop 2 on","stop 2 off","stop 2 fare","stop 3 on","stop 3 off","stop 3 fare","stop 4 on","stop 4 off","stop 4 fare","stop 5 on","stop 5 off","stop 5 fare","stop 6 on","stop 6 off","stop 6 fare","stop 7 on","stop 7 off","stop 7 fare","stop 8 on","stop 8 off","stop 8 fare","stop 9 on","stop 9 off","stop 9 fare","stop 10 on","stop 10 off","stop 10 fare","stop 11 on","stop 11 off","stop 11 fare","stop 12 on","stop 12 off","stop 12 fare","stop 13 on","stop 13 off","stop 13 fare","stop 14 on","stop 14 off","stop 14 fare","stop 15 on","stop 15 off","stop 15 fare","stop 16 on","stop 16 off","stop 16 fare","stop 17 on","stop 17 off","stop 17 fare","stop 18 on","stop 18 off","stop 18 fare","stop 19 on","stop 19 off","stop 19 fare","stop 20 on","stop 20 off","stop 20 fare","stop 21 on","stop 21 off","stop 21 fare","stop 22 on","stop 22 off","stop 22 fare","stop 23 on","stop 23 off","stop 23 fare","stop 24 on","stop 24 off","stop 24 fare"
AAA123,30443148,0,0,0.00
AA123,30455893,2,0,10.00,5,0,10.00,0,4,10.00,0,3,7.50
AAA123,30456130,2,0,8.00,1,0,8.00,0,1,8.00,0,1,8.00,2,0,8.00,0,3,8.00
MB377,30456167,0,0,8.00,2,0,8.00,1,0,8.00,0,2,8.00,1,0,8.00,2,0,8.00,0,2,8.00,0,2,8.00
AAA123,30456191,4,0,8.00,0,0,8.00,1,0,8.00,1,0,8.00,1,0,8.00,0,1,8.00,0,2,8.00,0,3,8.00,0,1,8.00
AAA123,30456216,1,0,8.00,1,0,8.00,2,1,8.00,2,0,8.00,0,2,8.00,0,1,8.00
AAA123,30456267,1,0,10.00,0,0,10.00,2,0,10.00,0,3,10.00
AAA123,30456506,3,0,8.00,0,0,8.00,0,0,8.00,0,0,8.00,0,3,8.00,1,0,8.00,1,0,8.00,0,0,8.00,0,2,8.00
AAA123,30456529,5,0,10.00,0,3,10.00,0,3,10.00,0,0,10.00,0,4,10.00
AAA123,30456543,0,0,8.00,0,0,8.00
AAA123,30456723,0,0,8.00,1,0,8.00,1,0,8.00,0,1,8.00,0,1,8.00
AAA123,30456737,1,0,8.00,0,0,8.00,1,1,8.00,0,0,8.00,0,0,8.00,0,0,8.00,4,0,8.00,0,0,8.00,0,4,8.00,0,2,8.00
AAA123,30456762,1,0,8.00,1,0,8.00,1,0,8.00,1,0,8.00,1,0,8.00,0,5,8.00,1,1,8.00,1,1,8.00,0,0,8.00,0,1,8.00
AAA123,30456796,0,0,8.00,0,0,8.00
AAA123,30456804,1,0,8.00,1,0,8.00,1,0,8.00,1,0,8.00,1,0,8.00,1,0,8.00,0,7,8.00
AAA123,30456829,0,0,8.00,0,0,8.00,1,0,8.00,0,0,8.00,0,0,8.00,0,0,8.00,0,0,8.00,10,1,8.00,0,0,8.00,0,0,8.00
AAA123,30456888,0,0,8.00,0,0,8.00,0,0,8.00
AAA123,30456908,0,0,8.00,0,0,8.00,0,0,8.00
AAA123,30456918,3,0,8.00,5,0,8.00,0,2,8.00,1,0,8.00,0,2,8.00,1,0,8.00,0,6,8.00
AAA123,30456944,0,0,8.00,0,0,8.00,0,0,8.00,0,0,8.00
AAA123,30456960,2,0,8.00,0,1,8.00,0,1,8.00
AAA123,30456971,0,0,8.00,0,0,8.00
AAA123,30456981,4,0,8.00,0,2,8.00,0,1,8.00,0,1,8.00
AAA123,30457012,0,0,20.00,0,0,20.00,0,0,20.00,0,0,20.00,0,0,20.00,0,0,20.00,0,0,20.00,0,0,20.00,0,0,20.00,0,0,20.00,0,0,20.00,0,0,20.00,0,0,20.00,0,0,20.00
AAA123,30457055,0,0,20.00,0,0,20.00,0,0,20.00,0,0,20.00,0,0,20.00,0,0,20.00
AAA123,30457071,1,0,8.00,1,0,8.00,1,0,8.00,1,0,8.00,0,1,8.00,0,1,8.00,0,1,8.00,0,1,8.00,0,1,8.00
AAA123,30457093,1,0,8.00,0,1,8.00
AAA123,30457109,0,0,0.00
RT345,30457116,4,0,8.00,0,4,8.00
AAA123,30457125,1,0,8.00,1,0,8.00,2,0,8.00,0,1,8.00,0,1,8.00,0,1,8.00,0,1,8.00
AAA123,30457143,10,0,8.00,0,1,8.00,0,0,8.00,2,0,8.00,0,1,8.00,1,0,8.00,0,3,8.00,0,0,8.00,0,0,8.00,0,0,8.00,0,4,8.00,1,0,8.00,0,5,8.00
AK672,30457179,2,0,8.00,1,0,8.00,0,1,8.00,1,0,8.00,0,1,8.00,0,1,8.00,0,1,8.00
MR950,30457201,0,0,8.00,0,0,8.00,0,0,8.00,0,0,8.00,0,0,8.00
AAA123,30457215,0,0,0.00
AAA123,30457223,10,0,8.00,1,0,8.00,2,0,8.00,0,0,8.00,0,3,8.00,0,1,8.00,0,3,8.00,3,0,8.00,5,0,8.00,0,9,8.00,0,5,8.00
DD467,30457251,14,0,12.00,0,0,12.00,0,1,12.00,0,1,12.00,0,3,12.00,0,9,12.00
AAA123,30457518,2,0,8.00,1,0,8.00,2,0,8.00,3,0,8.00,1,0,8.00,1,0,8.00,1,0,8.00,0,2,8.00,0,4,8.00,0,4,8.00,0,2,8.00,0,1,8.00
G4383,30457547,0,0,8.00,0,0,8.00
G1610,30457556,5,0,8.00,0,3,8.00,0,1,8.00,0,1,8.00,2,0,8.00,0,2,8.00
AAA123,30457585,0,0,0.00
AAA123,30457592,2,0,8.00,0,1,8.00,0,1,8.00
DK313,30457655,1,0,8.50,0,0,8.50,0,0,8.50,0,0,8.50,0,0,8.50,0,0,8.50,0,0,8.50,0,0,8.50,4,1,8.50,2,0,8.50,0,0,8.50,0,0,8.50,0,1,8.50,0,0,8.50,0,1,8.50,0,1,8.50,0,1,8.50,0,1,8.50,0,1,8.50
AAA123,30457699,4,0,20.00,0,2,20.00,0,1,20.00,0,1,20.00,0,0,20.00
AAA123,30457714,4,0,20.00,0,1,20.00,0,1,20.00,0,1,20.00,0,1,20.00,0,1,20.00,0,1,20.00,0,1,20.00,0,1,20.00,0,0,20.00
AAA123,30457743,4,0,8.00,3,1,8.00,4,0,8.00,0,4,8.00,0,2,8.00,0,2,8.00,0,1,8.00,0,1,8.00
AAA123,30457768,7,0,8.00,0,1,8.00,0,2,8.00,1,4,8.00,0,1,8.00
AAA123,30457787,9,0,8.00,0,3,8.00,0,1,8.00,0,3,8.00,1,0,8.00,0,3,8.00
AK672,30457830,2,0,8.00,2,0,8.00,0,1,8.00,0,0,8.00,0,2,8.00,0,3,8.00
AAA123,30457861,4,0,80.00,0,4,80.00
AAA123,30457912,4,0,8.00,0,2,8.00,2,0,8.00,0,3,8.00,3,0,8.00,0,4,8.00
AAA123,30457928,6,0,8.00,0,4,8.00,2,0,8.00,0,0,8.00,0,4,8.00
AAA123,30457944,4,0,20.00,0,1,20.00,0,1,20.00,0,1,20.00,0,1,20.00,0,0,20.00,0,0,20.00
AAA123,30457962,15,0,20.00,0,1,20.00,0,1,20.00,0,3,20.00,0,2,20.00,0,5,20.00,0,1,20.00,0,1,20.00,0,1,20.00,0,0,20.00
AAA123,30457987,4,0,20.00,0,1,20.00,0,2,20.00,0,1,20.00,0,0,20.00
A653BBF,30458113,3,0,8.00,0,1,8.00,0,4,8.00,0,0,8.00,0,0,8.00,0,1,8.00
AAA123,30458129,0,0,20.00,0,0,20.00
AAA123,30458137,5,0,8.00,0,2,8.00,0,0,8.00,0,3,8.00
A8182,30458152,0,0,8.00,4,0,8.00,0,1,8.00,0,2,8.00,0,1,8.00
AAA123,30458208,4,0,8.00,2,0,8.00,0,3,8.00,2,0,8.00,0,3,8.00,0,2,8.00
AAA123,30458322,3,0,8.00,0,1,8.00,0,1,8.00,0,1,8.00
AAA123,30458338,1,0,8.00,1,0,8.00,3,0,8.00,1,0,8.00,2,0,8.00,0,1,8.00,3,0,8.00,0,2,8.00,3,0,8.00,2,0,8.00,0,2,8.00,4,0,8.00,0,3,8.00,0,1,8.00,0,3,8.00,0,3,8.00,0,1,8.00,0,1,8.00,0,1,8.00,0,2,8.00
AAA123,30458383,0,0,20.00,0,0,20.00
AAA123,30458392,0,0,20.00,0,0,20.00
AAA123,30458409,0,0,8.50,2,0,8.50,0,2,8.50
AAA123,30458419,4,0,20.00,0,1,20.00,0,2,20.00,0,1,20.00,0,0,20.00
AAA123,30458433,4,0,20.00,0,1,20.00,0,1,20.00,0,1,20.00,0,1,20.00
AAA123,30458452,10,0,8.50,4,0,8.50,0,4,8.50,2,0,8.50,1,0,8.50,0,2,8.50,1,0,8.50,0,8,8.50,0,2,8.50,0,2,8.50
AAA123,30458478,0,0,7.50,2,0,7.50,0,0,7.50
AAA123,30458490,4,0,20.00,4,1,20.00,0,2,20.00,0,1,20.00,0,2,20.00,0,1,20.00,0,1,20.00,0,0,20.00
AAA123,30458511,4,0,8.00,0,1,8.00,0,2,8.00,0,1,8.00,0,0,8.00
AAA123,30458529,4,0,8.00,2,0,8.00,0,2,8.00,0,1,8.00,2,0,8.00,0,3,8.00,2,0,8.00,0,3,8.00,4,0,8.00,0,0,8.00,0,3,8.00,2,0,8.00,0,4,8.00
AAA123,30458564,0,0,8.00,1,0,8.00,0,1,8.00
AAA123,30458579,0,0,8.00,0,0,8.00,0,0,8.00
AA681,30458592,4,0,8.00,0,1,8.00,0,0,8.00,0,3,8.00
AAA123,30458605,0,0,20.00,0,0,20.00
AAA123,30458614,0,0,20.00,0,0,20.00
AAA123,30458624,4,0,10.00,0,2,10.00,0,1,10.00,0,1,10.00,2,0,10.00,0,1,10.00,0,1,10.00
AAA123,30458642,2,0,2.00,1,0,2.00,0,2,2.00,0,1,2.00,0,0,2.00,0,1,2.00,0,1,2.00
AAA123,30458694,4,0,2.00,0,1,2.00,0,2,2.00,0,1,2.00
AAA123,30458727,4,0,8.00,2,1,8.00,0,2,8.00,1,0,8.00,0,4,8.00
AAA12,30458901,5,0,8.00,0,1,8.00,0,4,8.00
AAA12,30459549,4,0,8.00,0,4,8.00
AAA12,30459558,4,0,8.00,0,4,8.00
AAA123,30460946,0,0,8.00,0,0,8.00,0,0,8.00,0,0,8.00
AB657GP,30465205,1,0,8.00,6,0,8.00,8,0,8.00,4,2,8.00,0,0,8.00,0,17,8.00
AAA123,30465226,1,0,8.00,1,0,8.00,0,1,8.00,0,1,8.00
AAA123,30465240,4,0,8.00,0,1,8.00,0,2,8.00,0,1,8.00,0,0,8.00
AAA123,30465254,1,0,8.00,1,0,8.00,0,1,8.00,0,1,8.00
AAA12E,30465300,4,0,8.00,0,2,8.00,2,0,8.00,0,4,8.00
AAA123,30465352,1,0,8.00,0,0,8.00,1,1,8.00,1,0,8.00,0,1,8.00,0,1,8.00
AAA123,30465373,0,0,8.00,4,0,8.00,0,4,8.00
AAA123,30465383,1,0,8.00,1,0,8.00,0,1,8.00,0,1,8.00
AAA123,30465395,0,0,10.00,4,0,10.00,0,2,10.00,0,1,10.00,0,1,10.00,0,0,10.00
AAA123,30465411,0,0,0.00
AAA123,30465417,3,0,8.00,0,0,8.00,0,1,8.00,1,0,8.00,0,1,8.00,0,2,8.00,0,0,8.00
AAA123,30465435,2,0,10.00,1,0,10.00,0,1,10.00,0,1,10.00,0,1,10.00,0,0,10.00
AAA123,30465456,9,0,8.00,0,2,8.00,0,4,8.00,2,0,8.00,2,0,8.00,0,5,8.00,0,2,8.00
AAA12,30465474,4,0,8.00,0,4,8.00
AAA123,30465483,2,0,8.00,1,0,8.00,0,1,8.00,0,2,8.00
AAA123,30465495,0,0,0.00
AAA123,30465501,5,0,8.00,0,3,8.00,0,2,8.00,1,0,8.00,0,1,8.00
AAA123,30465515,2,0,8.00,0,1,8.00,0,0,8.00,0,1,8.00
AAA123,30465530,2,0,20.00,0,1,20.00,0,1,20.00,0,0,20.00
AAA123,30465542,3,0,8.00,0,1,8.00,1,0,8.00,0,2,8.00,0,1,8.00,2,0,8.00,1,0,8.00,0,3,8.00
AAA123,30465562,4,0,8.00,0,1,8.00,1,0,8.00,0,2,8.00,0,1,8.00,0,1,8.00
AN365,30465580,1,0,8.00,1,0,8.00,0,1,8.00,2,1,8.00,0,2,8.00
AAA123,30465594,3,0,1.00,2,0,1.00,0,3,1.00,0,2,1.00
AAA123,30465607,2,0,8.00,1,0,8.00,0,3,8.00
AAA123,30465619,2,0,8.00,0,1,8.00,1,0,8.00,2,0,8.00,0,0,8.00,0,0,8.00,0,2,8.00,0,2,8.00
AAA123,30465639,2,0,10.00,0,1,10.00,0,1,10.00
AAA123,30465649,1,0,8.00,1,0,8.00
AAA123,30465658,4,0,20.00,4,0,20.00,4,1,20.00
AAA123,30465668,1,0,10.00,0,1,10.00,0,1,10.00
AAA123,30465679,4,0,20.00,4,1,20.00,3,1,20.00
AAA123,30465704,2,0,10.00,0,1,10.00,0,1,10.00
AAA123,30465716,3,0,10.00,1,0,10.00,0,1,10.00,1,0,10.00,0,1,10.00,0,0,10.00,0,1,10.00,0,0,10.00,0,1,10.00,0,1,10.00
AA123,30465741,0,0,0.00
AAA123,30465748,3,0,10.00,0,0,10.00,0,2,10.00,1,0,10.00,0,0,10.00,0,2,10.00
RR198,30465767,1,0,8.00,1,0,8.00,1,0,8.00,1,0,8.00,0,1,8.00,0,1,8.00,0,2,8.00
RR198,30465785,1,0,8.00,1,0,8.00,1,0,8.00,1,0,8.00,0,1,8.00,0,1,8.00,0,1,8.00,0,1,8.00
AAA123,30465805,4,0,8.00,0,1,8.00,0,2,8.00,0,1,8.00
AA123,30465817,2,0,8.00,0,2,7.00
AAA123,30465828,1,0,8.00,0,0,8.00,0,0,8.00,0,1,8.00
AAA123,30465841,0,0,8.50,0,0,8.50
A32BBC,30465851,1,0,8.00,1,0,8.00,0,1,8.00,0,1,8.00
AAP123,30465864,2,0,8.00,1,0,8.00,0,1,8.00,0,1,8.00,0,1,8.00
AAA123,30465879,4,0,8.00,0,4,8.00
AAA123,30465888,1,0,8.00,1,0,8.00,0,1,8.00,0,1,8.00
AAA123,30465901,2,0,8.00,0,1,8.00,0,0,8.00,1,0,8.00,0,2,8.00
AAA123,30465915,4,0,8.00,0,2,8.00,0,2,8.00
AAA123,30465926,3,0,8.00,0,1,8.00,0,2,8.00,3,0,8.00,0,1,8.00,0,2,8.00
AAA123,30465945,1,0,8.00,2,1,8.00,0,2,8.00
AAA123,30465956,2,0,7.50,1,0,7.50,1,0,7.50,0,2,7.50,0,0,7.50,0,2,7.50,0,2,7.50
RD359,30465976,4,0,8.00,0,0,8.00,0,1,8.00,2,0,8.00,0,2,8.00,0,1,8.00,0,2,8.00
AAA123,30465995,1,0,8.00,0,1,8.00
AAA123,30466024,1,0,8.00,0,1,8.00,2,0,8.00,0,1,8.00,0,0,8.00,0,1,8.00,1,0,8.00,1,0,8.00,0,1,8.00,1,0,8.00,0,1,8.00,0,1,8.00
AAA123,30466054,1,0,8.00,1,0,8.00,1,0,8.00,0,1,8.00,0,1,8.00,0,1,8.00
MB210,30466075,15,0,109.00,0,5,109.00,0,5,109.00,0,5,109.00
RC454,30466088,3,0,8.00,0,1,8.00,1,0,8.00,0,2,8.00,0,1,8.00
RZ731,30466117,3,0,8.00,0,1,8.00,0,0,8.00,2,1,8.00,0,2,8.00,0,1,8.00
AAA123,30466134,2,0,8.00,0,1,8.00,1,0,8.00,0,1,8.00,0,1,8.00,0,1,8.00,0,1,8.00
AAA123,30466154,2,0,8.00,0,0,8.00,0,1,8.00,0,1,8.00
AAA123,30466168,2,0,8.00,0,1,8.00,0,0,8.00,0,1,8.00
AAA123,30466181,4,0,8.00,0,4,8.00
AAA123,30466190,1,0,8.00,1,0,8.00,1,0,8.00,0,2,8.00,0,1,8.00
AAA123,30466209,4,0,8.00,1,4,8.00,0,1,8.00
AAA123,30466221,3,0,8.00,0,1,8.00,0,2,8.00
AAA123,30466233,1,0,8.00,1,1,8.00,0,1,8.00
AAA123,30466245,6,0,8.00,0,2,8.00,0,4,8.00
AN365,30466255,1,0,8.00,1,0,8.00,0,1,8.00,0,1,8.00
MB210,30466267,15,0,10.00,0,5,10.00,0,5,10.00,0,5,10.00
AAA123,30466280,1,0,8.00,0,1,8.00,3,0,8.00,0,2,8.00,0,1,8.00
AAA123,30466295,3,0,8.00,0,2,8.00,0,1,8.00
AAA123,30466306,4,0,8.00,0,2,8.00,2,0,8.00,0,4,8.00
AAA123,30466322,9,0,7.50,3,0,7.50,4,3,7.50,2,0,7.50,0,15,7.50
AAA123,30466338,1,0,8.00,1,0,8.00,0,2,8.00
AAA123,30466356,1,0,7.50,3,0,7.50,0,1,7.50,6,2,7.50,0,7,7.50
AAA123,30466375,2,0,8.00,1,0,8.00,1,0,8.00,0,1,8.00,0,1,8.00,0,2,8.00
C9253,30466392,10,0,8.00,0,2,8.00,3,8,8.00,0,2,8.00,1,0,8.00,0,2,8.00
AAA123,30466408,3,0,8.00,0,1,8.00,1,1,8.00,0,1,8.00,0,1,8.00,4,0,8.00,0,0,8.00,0,2,8.00,0,2,8.00
AAA123,30466431,1,0,8.00,1,0,8.00,0,2,8.00
AAA123,30466447,1,0,8.00,1,0,8.00,1,0,8.00,0,3,8.00
C9253,30466461,15,0,8.00,0,2,8.00,0,5,8.00,1,8,8.00,0,1,8.00
AAA123,30466476,0,0,0.00
AAA123,30466484,2,0,8.00,2,0,8.00,0,2,8.00,0,4,8.00
AAA123,30466496,1,0,8.00,0,1,8.00,0,2,8.00
MB210,30466512,15,0,10.00,0,5,10.00,0,5,10.00,0,5,10.00
AAA123,30466524,2,0,8.00,1,0,8.00,0,2,8.00,0,1,8.00
CP189,30466542,4,0,8.00,0,1,8.00,0,3,8.00
AAA123,30466552,1,0,8.00,2,0,8.00,2,0,8.00,0,5,8.00
AAA123,30466607,1,0,8.00
CP189,30466613,4,0,8.00,1,3,8.00,0,2,8.00
AAA12,30466625,0,0,0.00
AAA12,30466635,1,0,8.00,0,0,8.00
RC454,30466644,4,0,8.00,0,1,8.00,1,1,8.00,0,1,8.00,0,2,8.00
RC454,30466658,4,0,8.00,0,1,8.00,0,1,8.00,1,1,8.00,0,2,8.00
C9253,30466675,7,0,8.00
AAA123,30466682,1,0,8.00,1,0,8.00,0,2,8.00,0,2,8.00
RC454,30466694,4,0,800.00,0,2,800.00,0,1,800.00,0,1,800.00
A5647,30466708,0,0,0.00
RC454,30466715,4,0,8.00,0,1,8.00,0,2,8.00,0,1,8.00
AAA12,30466728,2,0,8.00
A56BBC,30466738,1,0,8.00,1,0,8.00,1,0,8.00,0,1,8.00,0,1,8.00,0,1,8.00
AAA123,30466761,2,0,8.00,1,0,8.00,0,1,8.00
AAA123,30466791,3,0,8.00,1,1,8.00,2,0,8.00,1,0,8.00,0,6,8.00
EJ676,30466809,2,0,10.00,1,0,10.00,1,0,10.00,0,1,10.00,0,1,10.00,0,0,10.00,0,1,10.00,1,0,10.00,0,1,10.00,1,0,10.00,0,0,10.00,0,1,10.00,1,0,10.00,0,2,10.00
CP189,30466841,4,0,8.00,0,2,8.00,0,2,8.00
RP216,30466858,1,0,8.00,1,0,8.00,1,0,8.00,0,3,8.00
RR198,30466872,1,0,8.00,2,0,8.00,0,2,8.00,0,1,8.00,0,0,8.00
EJ676,30466894,2,0,8.00,1,0,8.00,0,1,8.00,0,2,8.00
RC454,30466907,3,0,8.00,0,1,8.00,0,2,8.00
A56BBC,30466920,1,0,8.00,1,0,8.00,1,0,8.00,0,1,8.00,0,1,8.00,0,1,8.00
AU781,30466938,1,0,8.00,1,0,8.00,0,1,8.00,0,1,8.00
RP216,30466956,1,0,8.00,1,0,8.00,0,1,8.00,0,1,8.00
C9253,30466971,0,0,0.00
AAA123,30466977,1,0,8.00,1,0,8.00,0,2,8.00
AAA123,30466987,4,0,8.00,0,1,8.00,0,3,8.00
CP189,30467001,1,0,8.00,0,1,8.00
A56BBC,30467010,1,0,8.00,1,0,8.00,0,1,8.00,0,1,8.00,0,1,8.00
AAA123,30467027,1,0,8.00,2,0,8.00,0,1,8.00,0,2,8.00
AAA123,30467039,3,0,8.00,0,1,8.00,0,2,8.00,0,0,8.00
MP123,30467052,0,0,8.00,0,0,8.00
AAA123,30467068,2,0,8.00,0,1,8.00,0,1,8.00
AAA123,30467079,4,0,8.00,0,1,8.00,0,2,8.00,0,1,8.00
AAA123,30467093,4,0,8.00,0,1,8.00,0,1,8.00,0,1,8.00,0,1,8.00
RR198,30467109,1,0,8.00,1,0,8.00,2,0,8.00,0,1,8.00,0,1,8.00,0,1,8.00,0,1,8.00
AAA123,30467130,3,0,8.00,0,2,8.00,0,1,8.00
AAA123,30467140,4,0,8.00,0,1,8.00,0,1,8.00,0,1,8.00,0,1,8.00
RC454,30467154,4,0,8.00,0,1,8.00,0,2,8.00,0,1,8.00
AAA123,30467167,4,0,8.00,0,1,8.00,0,2,8.00,0,1,8.00
AAA123,30467179,1,0,8.00,2,0,8.00,0,1,8.00,1,0,8.00,0,3,8.00
AAA123,30467194,4,0,8.00,0,2,8.00,0,2,8.00
AAA123,30467205,2,0,8.00,0,1,8.00,0,1,8.00
AAA123,30467216,1,0,8.00,1,0,8.00,1,0,8.00,2,0,8.00,0,2,8.00,0,2,8.00,0,1,8.00
AAA123,30467234,1,0,10.00,1,0,10.00,0,1,10.00,0,1,10.00
AAA123,30467247,3,0,8.00,0,1,8.00,0,2,8.00
AAA123,30467256,8,0,10.00,0,5,10.00,0,3,10.00
AAA123,30467266,2,0,8.00,1,0,8.00,0,2,8.00,0,1,8.00
AAA123,30467278,2,0,8.00,2,0,8.00,0,2,8.00,1,0,8.00,0,1,8.00,0,1,8.00,0,1,8.00
AAA123,30467298,3,0,8.00,0,3,8.00,0,3,8.00
AAA123,30467313,1,0,10.00,0,1,10.00
AAA123,30467322,2,0,8.00,1,0,8.00,1,0,8.00,0,0,8.00,0,4,8.00
AAA123,30467348,3,0,8.00,0,0,8.00,0,3,8.00
AAA123,30467358,1,0,8.00,2,0,8.00,0,1,8.00,1,0,8.00,0,3,8.00
AAA123,30467375,2,0,8.00,0,1,8.00,0,1,8.00
AAP123,30467386,2,0,8.00,5,0,8.00,0,4,8.00,0,6,8.00,0,3,8.00
AAA123,30467401,1,0,23.00,0,1,23.00
AAA123,30467411,2,0,8.00,0,1,8.00,0,1,8.00
AAA123,30467421,1,0,8.00,1,0,8.00,1,0,8.00,1,0,8.00,0,1,8.00,0,1,8.00,0,1,8.00,0,1,8.00
TG,30467446,0,0,8.00,2,0,8.00,0,0,8.00,0,2,8.00
TH,30467461,0,0,5.00,0,0,5.00,3,0,5.00,0,3,5.00
1234,30467476,1,0,8.00,0,1,8.00
RK684,30467489,0,0,8.00,2,0,8.00,2,1,8.00,0,1,8.00,2,0,8.00,0,2,8.00,0,2,8.00
RK864,30467510,2,0,8.00,1,0,8.00,0,5,8.00
AAA123,30467526,2,0,8.00,0,2,8.00,3,0,8.00,0,1,8.00,0,2,8.00
AAA123,30467540,3,0,3.00,0,3,3.00
RJ531,30467833,4,0,8.00,0,4,8.00
RR198,30467841,1,0,8.00,1,0,8.00,1,0,8.00,1,0,8.00,0,1,8.00,0,1,8.00,0,1,8.00,0,1,8.00
RR198,30467863,4,0,8.00,0,1,8.00,0,1,8.00,0,1,8.00,0,1,8.00
AAA123,30467878,4,0,8.00,0,1,8.00,0,1,8.00,0,1,8.00,0,1,8.00
MB310,30467903,16,0,7.50,0,6,7.50,0,7,7.50,0,7,7.50,0,9,7.50,0,3,7.50
MB210,30467922,15,0,7.50,0,2,7.50,0,3,7.50,0,6,7.50,0,3,7.50,3,0,7.50,0,3,7.50,5,1,7.50,0,3,7.50,0,2,7.50
RP216,30467956,2,0,8.00,1,0,8.00,1,0,8.00,0,1,8.00,0,1,8.00,1,0,8.00,1,0,8.00,0,4,8.00
AAA123,30467982,1,0,8.00,1,0,8.00,1,0,8.00,1,0,8.00,0,1,8.00,0,1,8.00,0,2,8.00
AAA123,30468002,1,0,8.00,1,0,8.00,1,0,8.00,1,0,8.00,0,1,8.00,0,3,8.00
AAA123,30468745,1,0,8.00,2,0,8.00,1,0,8.00,0,1,8.00,1,0,8.00,0,1,8.00,0,1,8.00,0,2,8.00
AAA123,30468765,1,0,15.00,0,1,15.00
AAA123,30468773,1,0,15.00,0,1,15.00
AAA123,30468781,1,0,15.00,0,1,15.00,0,0,15.00
AAA123,30468792,1,0,20.00,0,1,20.00
AAA123,30468801,1,0,8.00,0,1,8.00
AN365,30468811,1,0,8.00,2,0,8.00,0,2,8.00,0,1,8.00
AAA123,30468823,1,0,8.00,0,1,8.00,2,0,8.00,0,1,8.00,1,0,8.00,0,2,8.00
TH,30468840,1,0,2.00,0,1,2.00
AAA123,30468848,1,0,8.00,2,0,8.00,0,1,8.00,0,1,8.00,0,1,8.00
AAA123,30468863,1,0,8.00,1,0,8.00,1,0,8.00,0,1,8.00,0,1,8.00,0,0,8.00,0,1,8.00
AAA123,30468884,1,0,8.00,1,0,8.00,0,0,8.00,0,1,8.00,0,1,8.00
AAA123,30468898,1,0,8.00,0,1,8.00
AAA123,30468908,1,0,8.00,1,0,8.00,1,0,8.00,0,1,8.00,0,2,8.00,1,0,8.00,0,1,8.00
AAA123,30468932,1,0,8.00,1,0,8.00,1,0,8.00,0,1,8.00,0,1,8.00,0,1,8.00
AU781,30468955,1,0,8.00,1,0,8.00,0,2,8.00
AU781,30468965,2,0,8.00,0,2,8.00
AU781,30468982,1,0,8.00,1,0,8.00,0,2,8.00
AU781,30468995,1,0,8.00,2,0,8.00,0,1,8.00,0,2,8.00
AU781,30469007,3,0,8.00,0,0,8.00,0,2,8.00,0,1,8.00
AU781,30469036,1,0,8.00,1,0,8.00,1,0,8.00,1,0,8.00,0,2,8.00,0,0,8.00,0,2,8.00
AAA123,30469054,2,0,8.00,1,0,8.00,0,1,8.00,0,1,8.00,0,0,8.00,0,1,8.00
AAA123,30469076,0,0,0.00
EJ676,30469087,2,0,8.00,1,0,8.00,2,0,8.00,0,1,8.00,0,1,8.00,0,1,8.00,1,0,8.00,0,1,8.00,0,1,8.00,1,0,8.00,0,1,8.00,0,1,8.00
AAA123,30469116,3,0,8.00,0,2,8.00,0,1,8.00
AAA123,30469127,1,0,8.00,1,0,8.00,2,0,8.00,0,2,8.00,0,2,8.00
C9253,30469141,13,0,8.00,0,5,8.00,0,4,8.00,2,0,8.00,0,0,8.00,0,6,8.00
EJ676,30469160,2,0,8.00,1,0,8.00,1,0,8.00,0,1,8.00,0,1,8.00,0,1,8.00,1,0,8.00,0,1,8.00,0,1,8.00,0,1,8.00,0,1,8.00
AAA123,30469187,1,0,8.00,1,0,8.00,1,0,8.00,1,0,8.00,0,1,8.00,0,1,8.00,0,2,8.00
AAA123,30469232,3,0,8.00,0,3,8.00
RP216,30469249,0,0,5.00,1,0,5.00,1,0,8.00,1,0,8.00,0,1,8.00,0,1,8.00,0,1,8.00
AAA123,30469268,4,0,8.00,0,3,8.00,0,1,8.00,0,0,8.00
AAA123,30469280,1,0,8.00,1,0,8.00,1,0,24.00,1,0,32.00,0,1,32.00,0,1,32.00,0,1,32.00,0,1,32.00
AAA123,30469302,4,0,20.00,3,2,20.00,0,3,20.00,0,2,20.00
AAA123,30469314,1,0,8.00,1,0,8.00,1,0,8.00,1,0,8.00,0,1,8.00,0,1,8.00,0,1,8.00,0,1,8.00
MB377,30469343,2,0,8.00,2,1,8.00,1,0,8.00,0,1,8.00,0,3,8.00
A5647,30469370,0,0,8.00,0,0,8.00
AAA123,30469378,1,0,8.00,1,0,8.00,1,0,8.00,1,0,8.00,0,1,8.00,0,1,8.00,0,1,8.00,0,1,8.00
AAA123,30469398,3,0,8.00,0,1,8.00,0,1,8.00,0,1,8.00
AAA123,30469411,4,0,8.00,0,1,8.00,0,1,8.00,0,1,8.00,0,1,8.00
AAA123,30469425,4,0,8.00,0,1,8.00,0,1,8.00,1,0,8.00,0,1,8.00,2,0,8.00,0,1,8.00,0,1,8.00,1,0,8.00,0,2,8.00,1,0,8.00,1,0,8.00,0,1,8.00,0,2,8.00
THR,30469459,1,0,5.00,0,1,5.00
RZ731,30469468,4,0,8.00,0,2,8.00,0,2,8.00,0,0,8.00
A5647,30469482,1,0,8.00,2,0,8.00,1,0,8.00,0,2,8.00,0,1,8.00,0,1,8.00
ME087,30469501,15,0,8.00,0,3,8.00,0,8,8.00,0,4,8.00
UUU,30469514,1,0,8.00,2,0,8.00,0,1,8.00,0,2,8.00
KK,30469529,2,0,8.00,1,0,8.00,0,1,8.00,1,0,8.00,1,0,8.00,0,1,8.00,0,1,8.00,0,1,8.00,1,0,8.00,0,1,8.00,0,1,8.00
GIDIONE,30469556,2,0,8.00,2,0,8.00,0,2,8.00,0,2,8.00
THE,30469571,1,0,5.00,1,0,5.00,0,1,5.00,0,1,5.00,1,0,5.00,0,1,5.00
RH955,30469588,11,0,7.50,0,2,7.50,0,3,7.50,0,3,7.50,0,1,7.50,0,0,7.50,0,1,7.50,0,1,7.50
RZ731,30469609,4,0,8.00,0,1,8.00,0,2,8.00,1,1,8.00,0,1,8.00
AN365,30469624,1,0,8.00,0,1,8.00
AAA123,30469643,4,0,11.00,1,2,11.00,0,0,11.00,0,3,11.00
AAA123,30469657,4,0,8.00,0,3,8.00,1,1,8.00,0,1,8.00
A74BBC,30469671,4,0,8.00,0,2,8.00,0,2,8.00,0,0,8.00,0,4,8.00
A32BBC,30469686,1,0,8.00,1,0,8.00,0,1,8.00,0,1,8.00
RZ434,30469921,1,0,8.00,1,0,8.00,2,0,8.00,0,0,8.00,0,3,8.00,0,1,8.00
RY137,30469997,1,0,8.00,0,1,8.00
RZ434,30470220,1,0,8.00,3,0,8.00,0,1,8.00,0,3,8.00
RZ731,30470334,4,0,8.00,0,2,8.00,0,2,8.00
RK684,30470535,1,0,8.00,0,1,8.00
A756BBG,30470704,1,0,8.00,0,1,8.00
RY137,30470937,4,0,6.00,0,1,6.00,0,1,6.00,0,2,6.00
A5647,30471272,1,0,8.00,3,0,8.00,0,1,8.00,0,2,8.00,0,1,8.00
RK684,30471508,2,0,8.00,1,0,8.00,1,0,8.00,0,1,8.00,0,1,8.00,0,2,8.00
RY137,30471627,1,0,8.00,0,1,8.00
A56BBC,30471758,1,0,8.00,1,0,8.00,1,0,8.00,0,1,8.00,0,2,8.00
AAA123,30472085,2,0,8.00,1,0,8.00,0,1,8.00
RZ434,30472369,2,0,8.00,1,0,8.00,1,0,8.00,0,1,8.00,0,1,8.00,0,1,8.00,0,1,8.00
M6587,30472569,1,0,8.00,1,0,8.00,0,2,8.00
RY137,30472641,2,0,8.00,0,2,8.00
AAA123,30472664,1,0,8.00
A74BBC,30472766,1,0,8.00,0,0,8.00
RZ434,30472845,1,0,8.00,0,1,8.00,0,1,8.00
ME087,30473258,1,0,7.50,0,1,7.50
A756BBG,30473432,4,0,8.00,0,1,8.00,0,1,8.00,0,2,8.00
RK684,30473622,1,0,8.00,0,1,8.00
A32BBC,30473929,1,0,8.00,1,0,8.00,0,1,8.00,0,1,8.00
RR198,30474599,2,0,8.00,1,0,8.00,0,1,8.00,0,1,8.00,1,0,8.00,1,0,8.00,0,1,8.00,1,0,8.00,1,0,8.00,0,1,8.00,0,1,8.00,0,1,8.00,0,1,8.00
AAA123,30474651,1,0,8.00,1,0,8.00,0,0,8.00
EJ676,30474746,3,0,8.00
A5647,30475038,1,0,8.00,1,0,8.00,0,1,8.00,1,0,8.00,1,0,8.00,0,1,8.00,0,2,8.00
RP216,30475330,2,0,8.00,0,1,8.00,0,1,8.00,0,2,8.00
A74BBC,30475410,1,0,8.00
A756BBG,30475575,1,0,8.00,0,1,8.00
RZ434,30475584,4,0,8.00,0,1,8.00,1,0,8.00,0,3,8.00,0,1,8.00
EJ676,30475670,3,0,8.00,3,0,8.00,0,2,8.00,1,1,8.00,1,0,8.00,1,5,8.00,0,0,8.00,0,1,8.00
A5409,30475840,2,0,8.00,0,2,8.00
M6587,30476125,3,0,8.00,0,1,8.00,1,0,8.00,0,1,8.00,0,1,8.00,0,1,8.00,1,0,8.00,0,1,8.00
AAA123,30476172,2,0,8.00,2,0,8.00
RZ434,30476180,1,0,8.00,2,0,8.00,0,3,8.00
RZ434,30476350,3,0,8.00,0,1,8.00,1,0,6.00,0,1,6.00,0,1,6.00,0,0,6.00,0,1,6.00
RY137,30476677,2,0,8.00,1,0,8.00,0,1,8.00,1,0,8.00,0,1,8.00,0,2,8.00
RZ434,30476842,1,0,8.00,1,0,8.00,0,2,8.00
RZ731,30477608,1,0,8.00,1,0,8.00,0,1,8.00,1,0,8.00,1,0,8.00,1,0,8.00,0,1,8.00,0,1,8.00,0,2,8.00
RR198,30477642,1,0,8.00,0,1,8.00
A56BBC,30478062,2,0,100.00,0,2,100.00
ED100,30478372,1,0,8.00,1,0,8.00,0,1,8.00,1,0,8.00,1,0,8.00,0,2,8.00,0,1,8.00
A74BBC,30478439,1,0,8.00
EJ676,30478549,4,0,8.00
AAA123,30478588,2,0,8.00,1,0,8.00,1,0,8.00,0,1,8.00,0,1,8.00
RK684,30478900,2,0,8.00,1,0,8.00,1,0,8.00,0,1,8.00,0,1,8.00,0,2,8.00
ME087,30479300,1,0,7.50,2,0,7.50,0,0,7.50,1,1,7.50,0,1,7.50,1,0,7.50,1,0,7.50,0,1,7.50,0,1,7.50,0,2,7.50
A74BBC,30479395,1,0,8.00,0,1,8.00
RZ731,30479597,1,0,8.00,0,1,8.00
RR198,30479778,1,0,8.00,2,0,8.00,0,2,8.00,2,0,8.00,0,1,8.00,0,1,8.00,0,1,8.00,0,1,8.00,0,1,8.00,0,1,8.00
A5647,30479803,4,0,8.00
A679BBC,30480151,1,0,8.00,0,0,8.00,2,0,8.00,1,0,8.00,0,1,8.00,0,1,8.00,0,2,8.00
A5647,30480542,1,0,8.00,1,0,8.00,1,0,8.00,1,0,8.00,0,2,8.00,0,2,8.00
RP216,30480991,1,0,8.00,1,0,8.00,1,0,8.00,0,1,8.00,0,3,8.00
A32BBC,30481472,2,0,8.00,1,0,8.00,0,0,8.00,0,1,8.00,0,1,8.00,0,1,8.00,0,2,8.00
A5647,30481493,4,0,8.00,0,1,8.00,0,1,8.00,0,1,8.00,0,1,8.00
RZ434,30481757,0,0,8.00,3,0,8.00,0,0,8.00,0,1,8.00,0,0,8.00,1,0,8.00,1,0,8.00,0,1,8.00,1,0,8.00,0,2,8.00,1,0,8.00,0,1,8.00,0,2,8.00
A74BBC,30481878,2,0,8.00,1,0,8.00,0,1,8.00
A74BBC,30481889,0,0,0.00
A756BBG,30482058,3,0,8.00,1,0,8.00,0,1,8.00,0,1,8.00,0,1,8.00,0,2,8.00,0,0,8.00,0,1,8.00,0,1,8.00
AAA123,30482081,2,0,8.00,0,2,8.00
M5384,30482505,5,0,7.50,6,0,7.50,4,2,7.50,0,3,7.50,1,2,7.50,0,0,7.50,0,1,7.50,0,4,7.50,0,1,7.50,0,2,7.50,0,1,7.50
RY137,30482892,1,0,8.00,1,0,8.00,1,0,8.00,0,1,8.00,2,0,8.00,0,2,8.00,0,2,8.00
A5647,30482915,4,0,8.00,0,4,8.00
M6587,30483091,1,0,8.00,0,1,8.00
RZ434,30483129,1,0,8.00,0,1,8.00
A5409,30483266,2,0,8.00,1,0,8.00,1,0,8.00,0,1,8.00,0,1,8.00,0,2,8.00
D9774,30483369,1,0,8.00,0,1,8.00
RP216,30483480,3,0,8.00,0,1,8.00,0,2,8.00
AAA123,30483490,2,0,3.00,0,2,3.00,0,0,3.00
AAA123,30483508,2,0,8.00,1,0,8.00
A56BBC,30483786,3,0,100.00,0,3,100.00
EJ676,30483932,1,0,8.00,1,1,8.00,0,2,8.00
AAA123,30483948,2,0,8.00
RP216,30484051,2,0,8.00,1,0,8.00,0,3,8.00
RZ731,30484407,4,0,8.00,0,1,8.00,0,1,8.00,1,0,8.00,0,1,8.00,0,2,8.00
RK684,30484720,1,0,8.00,0,1,8.00
ED100,30485055,1,0,8.00,1,0,8.00,1,0,8.00,0,1,8.00,0,1,8.00,0,1,8.00
EJ676,30485119,1,0,8.00,0,1,8.00
A74BBC,30485239,0,0,8.00,3,0,8.00,0,1,8.00,0,1,8.00,2,0,8.00
AAA123,30485286,2,0,8.00,1,0,8.00
RR198,30485580,1,0,8.00,0,1,8.00,0,1,8.00
A5647,30485617,2,0,8.00,0,2,8.00
M5384,30485837,2,0,7.50,2,0,7.50,1,0,7.50,1,0,7.50,0,1,7.50,0,5,7.50
ME087,30485981,1,0,7.50,0,1,7.50,0,1,7.50
AE668,30486305,2,0,8.00,0,1,8.00,0,1,8.00
AE668,30487026,0,0,8.00,1,0,8.00,1,0,8.00,1,0,8.00,2,0,8.00,2,0,8.00,2,0,8.00,1,0,8.00,1,0,8.00,1,0,8.00,1,0,8.00,0,1,8.00,0,1,8.00,0,1,8.00,0,2,8.00,0,1,8.00,0,2,8.00,1,0,8.00,0,1,8.00,0,1,8.00,0,1,8.00,0,1,8.00,0,1,8.00,0,1,8.00
A756BBG,30487285,1,0,8.00,1,0,8.00,1,0,8.00,0,1,8.00,0,2,8.00
A679BBC,30487485,2,0,8.00,0,1,8.00,0,1,8.00,0,2,8.00
AAA123,30487972,1,0,7.50,2,0,7.50,2,0,7.50,1,0,5.00,1,0,7.50,1,0,7.50,1,0,7.50,1,0,7.50,1,0,7.50,1,0,7.50,1,0,7.50,1,0,7.50,1,0,5.00,0,3,7.50,1,0,7.50,0,1,7.50,0,3,7.50,0,3,7.50,0,2,7.50,0,1,7.50,0,2,7.50,0,1,7.50
A74BBC,30488028,0,0,0.00
R6653,30488175,1,0,8.00,2,0,7.50,0,3,7.50,0,1,7.50
C9253,30488360,1,0,7.50,1,0,7.50,4,0,7.50,1,1,7.50,4,0,7.50,1,0,7.50
C9253,30488936,2,0,7.50,1,0,7.50,0,1,7.50,2,0,7.50,2,0,7.50,4,0,7.50,5,0,7.50,0,1,7.50,0,1,7.50,0,1,7.50,0,3,7.50,0,4,7.50,0,2,7.50,0,2,7.50,0,1,7.50
C9253,30489143,1,0,7.50,0,1,7.50,0,0,7.50,0,1,7.50
ED100,30489295,1,0,8.00,0,2,8.00
EJ676,30489358,2,0,8.00,0,1,8.00
EJ676,30489498,1,0,8.00
RZ731,30489734,1,0,8.00,0,1,8.00
A5409,30489994,3,0,8.00,0,1,8.00,1,0,8.00,0,1,8.00,0,2,8.00
R6653,30490022,1,0,7.50,1,0,7.50
A74BBC,30490115,1,0,8.00,2,0,8.00,0,1,8.00,1,0,8.00,0,1,8.00
RZ434,30490476,1,0,8.00,1,0,8.00,0,1,8.00,1,0,8.00,0,0,8.00,0,1,8.00,1,0,8.00,1,0,8.00,1,0,8.00,0,1,8.00,0,1,8.00,0,2,8.00
AAA123,30490506,0,0,0.00
RP216,30490705,1,0,8.00,0,1,8.00,0,1,8.00
RR198,30490965,1,0,8.00,1,0,8.00,1,0,8.00,0,1,8.00,0,2,8.00,0,1,8.00
RZ434,30491009,2,0,8.00,0,1,8.00,0,6,8.00,0,1,8.00,0,0,8.00
R6653,30491115,4,0,7.50,0,2,7.50
A32BBC,30491514,1,0,8.00,1,0,8.00,2,0,8.00,0,1,8.00,0,1,8.00,0,1,8.00,0,1,8.00
M6587,30491916,2,0,8.00,1,0,8.00,0,1,8.00,1,0,8.00,1,0,8.00,0,1,8.00,0,1,8.00,0,0,8.00,2,2,8.00,0,2,8.00
DK313,30491940,4,0,8.00,0,4,8.00
DK313,30491948,1,0,8.00,1,0,8.00,0,1,8.00,1,0,8.00,2,0,8.00,0,2,8.00,0,2,8.00
DK313,30491968,1,0,8.00,2,0,8.00,0,1,8.00,0,2,8.00,3,0,8.00,1,2,8.00,0,2,8.00,0,1,8.00
DK313,30491987,1,0,8.00,2,0,8.00,1,2,8.00,0,1,8.00,0,1,8.00,0,0,8.00,2,0,8.00,1,0,8.00,0,3,8.00
RV454,30492163,3,0,8.00,0,1,8.00,1,0,8.00,0,1,8.00,0,1,8.00,0,1,8.00
RK684,30492510,2,0,8.00,1,0,8.00,0,1,8.00,0,2,8.00
AAA123,30492549,2,0,8.00
RZ434,30492626,1,0,8.00,0,1,8.00
G43BBC,30492931,1,0,7.50,1,0,7.50,0,1,7.50,0,1,7.50
RP216,30493092,1,0,8.00,0,1,8.00
A5647,30493248,1,0,8.00,1,0,8.00,1,0,8.00,1,0,8.00,0,1,8.00,0,1,8.00,0,2,8.00
RY137,30493827,4,0,8.00,0,3,8.00,0,2,8.00,0,1,8.00,1,0,8.00,0,1,8.00,1,0,8.00,0,1,8.00,0,1,8.00,0,1,8.00
R6653,30494002,2,0,7.50,0,2,7.50
AA756BBG,30494370,1,0,8.00,1,0,8.00,1,0,8.00,1,0,8.00,0,2,8.00,0,2,8.00
RZ434,30494406,1,0,8.00,0,1,8.00
RV454,30494514,1,0,8.00,0,1,8.00,0,1,8.00,0,0,8.00
ED100,30494799,1,0,8.00,1,0,8.00,0,1,8.00,1,2,8.00,1,0,8.00,1,1,8.00,0,2,8.00
A5409,30494917,2,0,8.00,0,2,8.00
DK313,30494950,2,0,8.00,1,0,8.00,0,1,8.00
EJ676,30495126,2,0,8.00,1,0,8.00,1,0,8.00,0,1,8.00,1,0,8.00
R6653,30495210,1,0,7.50,1,0,7.50,0,2,7.50
A75BBC,30495256,1,0,8.00,0,0,8.00
R6653,30495296,1,0,7.50,1,0,7.50
M5384,30495756,3,0,7.50,1,0,7.50,1,0,7.50,1,0,7.50,1,0,7.50,4,0,7.50,1,0,7.50,0,1,7.50,8,7,7.50,0,2,7.50,0,7,7.50,0,3,7.50
EJ676,30495811,4,0,8.00
DK313,30495821,2,0,8.00
ED100,30495908,2,0,8.00,0,0,8.00,0,1,8.00,1,0,8.00,0,2,8.00
R6653,30495971,3,0,7.50
EJ676,30495998,3,0,8.00
M5199,30496006,1,0,8.00,1,0,8.00,0,2,8.00
G6499,30496354,1,0,7.50,1,0,7.50,1,0,7.50,0,1,7.50,0,1,7.50,0,1,7.50
R6653,30496401,3,0,7.50
RZ434,30496591,1,0,8.00,1,0,8.00,1,0,8.00,1,0,8.00,0,1,8.00,0,2,8.00,1,1,8.00,0,1,8.00
DK313,30496617,2,0,8.00
RV454,30496843,1,0,8.00,0,2,8.00,1,0,8.00,1,0,8.00,0,2,8.00
A5409,30496897,2,0,8.00,0,2,8.00
C9253,30497349,10,0,7.50,1,0,7.50,1,0,7.50,4,0,7.50,0,3,7.50,1,0,7.50,0,1,7.50,0,1,7.50,0,1,7.50,0,0,7.50,0,2,7.50,0,6,7.50,0,3,7.50
A74BBC,30497440,2,0,8.00,0,1,8.00
G6499,30497467,1,0,7.50,1,0,7.50,1,0,7.50,0,1,7.50,0,1,7.50,0,1,7.50
EJ676,30497544,3,0,8.00,0,1,8.00,0,2,8.00
RP216,30497898,0,0,8.00,1,0,8.00,1,0,8.00,1,0,8.00,0,3,8.00
RV454,30497991,2,0,8.00,0,2,8.00
G43BBC,30498026,8,0,7.50,4,0,7.50
R6653,30498192,3,0,7.50,1,0,7.50,0,1,7.50,0,1,7.50
RP216,30498256,2,0,8.00,1,1,8.00,0,1,8.00,0,1,8.00
A5647,30498694,1,0,8.00,1,0,8.00,0,2,8.00
RZ434,30498834,2,0,8.00,1,0,8.00,0,3,8.00
RR198,30499052,3,0,8.00,1,0,8.00,0,1,8.00,0,3,8.00
A56BBC,30499217,3,0,100.00,0,3,100.00
M5384,30499503,1,0,7.50,0,1,7.50
A756BBG,30499581,1,0,8.00,1,0,8.00,0,2,8.00
RY137,30499936,1,0,8.00,1,0,8.00,0,2,8.00
EJ676,30500007,1,0,8.00
DK313,30500078,2,0,8.00,1,0,8.00,0,1,8.00,0,2,8.00
G43BBC,30500197,8,0,7.50,4,0,7.50,1,0,7.50,3,0,7.50,0,4,7.50
R6653,30500319,2,0,7.50,1,0,7.50,0,1,7.50,0,2,7.50
AAA123,30500349,15,0,7.50,0,2,7.50,0,1,7.50,0,6,7.50,0,2,7.50,0,1,7.50,0,1,7.50,0,1,7.50,0,1,7.50
A5647,30500433,2,0,8.00,0,1,0.00,0,1,8.00
A5409,30500696,2,0,8.00,0,2,8.00
R6653,30500705,1,0,7.50
G43BBC,30500807,6,0,7.50,4,0,7.50,0,3,7.50,0,1,7.50
A74BBC,30501025,3,0,8.00,0,0,8.00,0,1,8.00,1,0,8.00,0,1,8.00
A56BBC,30501105,3,0,8.00,0,3,8.00
ED100,30501440,3,0,8.00,0,1,8.00,0,2,8.00,1,0,8.00,0,1,8.00,0,1,8.00,0,2,8.00
RZ434,30501648,2,0,8.00,0,1,8.00,0,1,8.00
R6653,30501702,1,0,7.50,0,0,7.50,0,1,7.50
THSFVG,30501713,1,0,2.00,0,1,2.00,0,0,2.00
G43BBC,30501759,4,0,7.50
EJ676,30501896,3,0,8.00,1,0,8.00,0,1,8.00
RP216,30502250,0,0,8.00,1,0,8.00,1,0,8.00,0,2,8.00
1235,30502263,1,0,2.00,0,1,2.00,0,0,2.00
EJ676,30502310,3,0,8.00,0,1,8.00,0,2,8.00
A5647,30502516,1,0,8.00,1,0,8.00,0,2,8.00
RZ434,30502645,1,0,8.00,0,0,8.00,0,1,8.00
RV454,30503090,1,0,8.00,1,0,8.00,1,0,8.00,1,0,8.00,0,1,8.00,0,1,8.00,1,0,8.00,0,3,8.00
C9253,30503586,0,0,7.50,1,0,7.50,1,0,7.50,1,0,7.50,0,1,7.50,0,2,7.50
TH,30503603,0,0,0.00
R6653,30503613,1,0,7.50
TH,30503619,3,3,3.00,3,3,3.00,0,3,3.00
RZ794,30503631,1,0,8.00,3,0,8.00,0,1,8.00,0,3,8.00
D9774,30503749,4,0,8.00,0,2,8.00,0,1,8.00,0,1,8.00
A74BBC,30503789,3,0,15.00,0,3,15.00
M5384,30504098,1,0,7.50,1,0,7.50,1,0,7.50,1,0,7.50,1,0,7.50,1,0,7.50,2,0,7.50,1,0,7.50,0,1,7.50,1,0,7.50,1,0,7.50,0,10,7.50
R6653,30504126,1,0,7.50,0,1,7.50,0,1,7.50
A679BBC,30504356,1,0,8.00,0,1,8.00,0,0,8.00,0,1,8.00
A679BBC,30504564,1,0,8.00,0,0,8.00,0,1,8.00
RY137,30504981,2,0,8.00,1,0,8.00,1,0,8.00,0,1,8.00,1,0,8.00,0,1,8.00,0,1,8.00,0,2,8.00
RR198,30505106,2,0,8.00,0,3,8.00,0,1,8.00
R6653,30505116,1,0,7.50,0,1,7.50
RV454,30505359,2,0,8.00,1,0,8.00,0,1,8.00,0,2,8.00,0,0,8.00
G6499,30505932,2,0,15.00,1,0,7.50,1,0,7.50,1,0,7.50,1,0,7.50,1,0,7.50,1,0,7.50,1,0,7.50,0,1,7.50,0,1,7.50,0,1,7.50,0,1,7.50,0,1,7.50,0,4,7.50
RZ731,30506285,4,0,8.00,0,1,8.00,0,1,8.00,0,2,8.00
D9774,30506409,1,0,8.00,1,0,8.00,0,2,8.00
A5409,30506624,2,0,8.00,2,0,8.00,0,4,8.00
RZ434,30506877,2,0,8.00,1,0,8.00,1,0,8.00,0,1,8.00,0,1,8.00,0,2,8.00
A726BBG,30506951,2,0,8.00,0,1,8.00,0,1,8.00
A32BBC,30507113,1,0,8.00,1,0,8.00,0,1,8.00,0,1,8.00
A32BBC,30507716,1,0,8.00,1,0,8.00,1,0,8.00,0,1,8.00,0,1,8.00,0,1,8.00
A74BBC,30507773,3,0,8.00
R6653,30507779,1,0,7.50
A56BBC,30508001,2,0,8.00,1,0,8.00,1,0,8.00,0,1,8.00,0,1,8.00,0,2,8.00
G43BBC,30508259,3,0,7.50,1,0,7.50,1,0,7.50,0,1,7.50
R6653,30508272,1,0,7.50
A5647,30508525,2,0,8.00,0,2,8.00
RP216,30508891,1,0,8.00,1,0,8.00,0,3,8.00
M5384,30509170,11,0,7.50,0,2,7.50,0,1,7.50,0,1,7.50,0,2,7.50,0,1,7.50,1,0,7.50,0,5,7.50
A5409,30509335,2,0,8.00,0,1,8.00,0,1,8.00
AZ123,30509347,1,0,8.00,2,0,8.00,1,0,8.00,1,0,8.00,0,3,8.00,0,2,8.00
RY137,30509520,1,0,8.00,0,1,8.00,0,1,8.00
RP216,30509574,4,0,8.00,0,1,8.00,0,3,8.00
G43BBC,30509686,4,0,7.50,0,1,7.50
A56BBC,30509769,1,0,8.00,1,0,8.00,0,2,8.00
A74BBC,30509827,3,0,8.00
DK313,30509838,2,0,8.00
RP216,30509914,1,0,8.00,0,1,8.00,0,1,8.00
RZ434,30510067,1,0,8.00,0,1,8.00
DK313,30510087,2,0,8.00
G43BBC,30510140,1,0,7.50
A56BBC,30510225,1,0,8.00,1,0,8.00,0,2,8.00
RV454,30510533,1,0,8.00,1,0,8.00,0,1,8.00,1,0,8.00,0,1,8.00,0,1,8.00,0,1,8.00
R6653,30510551,1,0,7.50
RR198,30510919,2,0,8.00,1,0,8.00,0,1,8.00,0,1,8.00,0,1,8.00
RY137,30511077,2,0,8.00,0,2,8.00
A74BBC,30511178,3,0,8.00,2,1,8.00,0,1,8.00
RY137,30511217,1,0,8.00,0,1,8.00
RR198,30511245,2,0,8.00
DK313,30511267,1,0,8.00,0,1,8.00
RP216,30511436,2,0,8.00,0,4,8.00
RZ731,30511917,1,0,8.00,1,0,8.00,0,2,8.00
RZ434,30512054,1,0,8.00,0,0,8.00,0,1,8.00
ED100,30512165,4,0,8.00,0,4,8.00
A679BBC,30512406,2,0,8.00,0,0,8.00,0,2,8.00
A74BBC,30512486,3,0,8.00,0,1,8.00,0,1,8.00,0,1,8.00
RV454,30512696,3,0,8.00,0,2,8.00,0,1,8.00,0,1,8.00,0,2,8.00
RP216,30512789,1,0,8.00,0,2,8.00
RP216,30512820,0,0,8.00,1,0,8.00,0,1,8.00
ED100,30512880,1,0,8.00,0,1,8.00,0,1,8.00
RY137,30512992,2,0,8.00,0,1,8.00,3,1,8.00,0,3,8.00
A5409,30513421,1,0,8.00,1,0,8.00,0,1,8.00,0,0,8.00,1,0,8.00,0,1,8.00,0,1,8.00
G43BBC,30513511,1,0,7.50,1,0,7.50,5,0,7.50,1,0,7.50,1,0,7.50
A32BBC,30514112,1,0,8.00,1,0,8.00,1,0,8.00,0,1,8.00,0,1,8.00,0,1,8.00
C9253,30514448,3,0,7.50,1,0,7.50,0,1,7.50,1,0,7.50,0,1,7.50,1,0,7.50,0,1,7.50,2,0,7.50,0,2,7.50,0,3,7.50
G6499,30515034,3,0,22.50,1,0,7.50,1,0,7.50,1,0,7.50,1,0,7.50,2,0,15.00,1,0,7.50,0,1,7.50,0,2,7.50,1,0,7.50,0,1,7.50,0,1,7.50,1,0,7.50,0,1,7.50,0,1,7.50,0,1,7.50,0,1,7.50,0,3,7.50
A5647,30515575,1,0,8.00,1,0,8.00,1,0,8.00,1,0,8.00,0,1,8.00,0,3,8.00
A756BBG,30515803,1,0,8.00,1,0,8.00,1,0,8.00,0,1,8.00,1,0,8.00,1,0,8.00,0,1,8.00,0,2,8.00,0,1,8.00
DK313,30515859,2,0,8.00,1,0,8.00,1,0,8.00
RP216,30515977,1,0,8.00,1,0,8.00,0,2,8.00
R6653,30515988,1,0,7.50
A74BBC,30516175,2,0,8.00,0,1,8.00,1,0,8.00,1,0,8.00,1,0,8.00
RK684,30516542,4,0,8.00,0,1,8.00,0,1,8.00,0,2,8.00
G43BBC,30516712,4,0,7.50,1,0,7.50,3,0,7.50,1,0,7.50
RZ434,30517040,2,0,5.00,1,0,8.00,1,0,8.00,1,0,8.00,0,1,8.00,0,3,8.00,0,0,8.00,0,1,8.00
RH955,30517264,1,0,8.00,0,1,8.00
A5647,30517300,1,0,8.00,0,1,8.00
A5409,30517488,3,0,8.00,0,1,8.00,1,0,8.00,0,1,8.00,0,2,8.00
RZ434,30517530,1,0,8.00,0,1,8.00
RY137,30517820,4,0,8.00,0,4,8.00
RP216,30517965,1,0,8.00,0,1,8.00
R6653,30517973,1,0,7.50
A74BBC,30517979,1,0,8.00,0,1,8.00
RK684,30518125,1,0,8.00,0,1,8.00
A679BBC,30518485,4,0,8.00,0,1,8.00,1,0,8.00,0,1,8.00,0,1,8.00,0,2,8.00
M6587,30518597,4,0,8.00,0,2,8.00,0,1,8.00,0,1,8.00
RV454,30518886,1,0,8.00,1,0,8.00,0,2,8.00
A74BBC,30519031,1,0,8.00,2,0,8.00,1,0,8.00,0,2,8.00
R6653,30519043,1,0,7.50
A32BBC,30519393,3,0,8.00,1,0,8.00,0,1,8.00,0,1,8.00,1,0,8.00,0,1,8.00,0,1,8.00,0,1,8.00
RR198,30519866,2,0,8.00,1,0,8.00,0,2,8.00,2,0,8.00,1,0,8.00,1,2,8.00,0,2,8.00,1,0,8.00,0,1,8.00,0,1,8.00
RY137,30519927,1,0,8.00,0,1,8.00
RZ434,30520160,3,0,8.00,0,3,8.00
A5409,30520374,3,0,8.00,1,0,8.00,0,1,8.00,0,1,8.00,0,2,8.00
A74BBC,30520420,2,0,8.00,1,0,8.00
RH955,30520472,2,0,8.00,0,2,8.00
M6587,30520567,1,0,8.00,0,1,8.00
EJ676,30520678,4,0,8.00
RK684,30520933,1,0,8.00,0,1,8.00
RV454,30521279,1,0,8.00,1,0,8.00,0,2,8.00
M6587,30521344,1,0,8.00,0,1,8.00
M6587,30521379,1,0,8.00,0,1,8.00
RY137,30521705,2,0,8.00,0,2,8.00
G6499,30522206,4,0,30.00,0,1,7.50,1,0,7.50,2,0,7.50,2,0,15.00,1,0,7.50,0,3,7.50,0,2,15.00,0,1,7.50,0,3,22.50
A32BBC,30522560,1,0,8.00,1,0,8.00,1,0,8.00,0,1,8.00,0,1,8.00,0,0,8.00,0,1,8.00
A74BBC,30522724,2,0,8.00,1,0,8.00,1,0,8.00,0,2,8.00
R6653,30522736,1,0,7.50
RR198,30523037,1,0,8.00,0,1,8.00,0,1,8.00
RZ434,30523445,1,0,8.00,1,0,8.00,1,0,8.00,1,0,8.00,0,4,8.00
EJ676,30523547,1,0,8.00
A679BBC,30523978,1,0,8.00,0,0,8.00,0,1,8.00,2,0,8.00,0,1,8.00,0,2,8.00
C9253,30524605,1,0,7.50,1,0,7.50,1,0,7.50,2,0,7.50,5,0,7.50,2,0,7.50,0,1,7.50,1,0,7.50,0,1,7.50,0,1,7.50,0,1,7.50,0,1,7.50,0,1,7.50,0,2,7.50,0,2,7.50,0,1,7.50,0,2,7.50
A74BBC,30524663,2,0,8.00
RZ434,30524700,1,0,8.00,0,1,8.00
AAA123,30524856,7,0,8.00,0,2,8.00,1,3,8.00,0,1,8.00,0,1,8.00,0,1,8.00
A32BBC,30524908,2,0,8.00,0,1,8.00,0,1,8.00
G43BBC,30524925,1,0,7.50,5,0,7.50
A5409,30525047,1,0,8.00,0,1,8.00
RP216,30525297,2,0,8.00,0,2,8.00,0,2,8.00
R6653,30525307,1,0,7.50,0,1,7.50
RZ434,30525315,0,0,0.00
RH955,30525362,2,0,8.00,0,2,8.00
RZ434,30525370,4,0,8.00,0,2,8.00,0,2,8.00
A726BBG,30525486,2,0,8.00,1,0,8.00,1,0,8.00,0,2,8.00,0,1,8.00,0,1,8.00
R6653,30525502,1,0,7.50
G43BBC,30525565,2,0,7.50,5,0,7.50,1,0,7.50
M6587,30525575,1,0,8.00,1,0,8.00,0,1,8.00,0,1,8.00
G43BBC,30525624,2,0,7.50,5,0,7.50,1,0,7.50
A5647,30525639,1,0,8.00,0,0,8.00,0,1,8.00
RZ434,30525928,2,0,8.00,1,0,8.00,0,1,8.00,0,1,8.00,0,1,8.00
A74BBC,30526169,3,0,8.00,1,0,8.00
A32BBC,30526384,1,0,8.00,1,0,8.00,0,1,8.00,0,1,8.00
D9774,30526567,4,0,8.00,0,2,8.00,0,2,8.00
RR198,30526905,1,0,8.00,2,0,8.00,1,0,8.00,0,1,8.00,1,0,8.00,0,1,8.00,0,3,8.00
RY137,30527409,1,0,8.00,1,0,8.00,1,0,8.00,1,0,8.00,0,2,8.00,0,2,8.00
G43BBC,30527520,2,0,7.50,5,0,7.50,2,0,7.50,1,0,7.50,0,3,7.50,7,0,7.50,0,14,7.50
A5647,30527538,1,0,8.00
G43BBC,30527577,1,0,7.50
RP216,30527814,1,0,8.00,1,0,8.00,0,2,8.00
G43BBC,30527846,1,0,7.50,0,1,7.50
DK313,30527996,2,0,8.00,1,0,8.00,0,1,8.00,0,2,8.00
R6653,30528008,1,0,7.50,0,0,7.50,0,1,7.50
RR198,30528062,3,0,8.00,0,2,8.00
G6499,30528589,1,0,7.50,1,0,7.50,1,0,7.50,2,0,7.50,1,0,7.50,1,0,7.50,1,0,7.50,1,0,7.50,0,1,7.50,1,0,7.50,1,0,7.50,0,1,7.50,0,1,7.50,0,1,7.50,0,2,7.50,0,2,7.50,0,1,7.50,0,2,7.50
G43BBC,30528669,2,0,7.50,1,0,7.50,0,3,7.50
RZ434,30528902,1,0,8.00,1,0,8.00,1,0,8.00,1,0,8.00,0,1,8.00,0,1,8.00,0,2,8.00
RR198,30528947,0,0,8.00,0,0,8.00
A726BBG,30529052,1,0,8.00,1,0,8.00,0,1,8.00,0,1,8.00
ME087,30529487,1,0,7.00,2,0,7.00,1,0,7.00,1,0,7.00,0,1,7.00,1,0,7.50,2,0,7.50,0,1,7.50,0,1,7.50,0,1,7.50,0,1,7.50,0,1,7.50,0,1,7.50,0,1,7.50,0,0,7.50
RV454,30530308,1,0,8.00,1,0,8.00,1,0,8.00,0,3,8.00
ED100,30530460,4,0,8.00,0,2,8.00,0,1,8.00,0,1,8.00,0,4,8.00
AH403,30530869,4,0,7.50,1,0,7.50,0,1,7.50,0,1,7.50,0,1,7.50,0,1,7.50,0,1,7.50
A5647,30530887,1,0,8.00
EJ676,30530988,4,0,8.00
RH955,30531070,2,0,8.00,0,2,8.00
A726BBG,30531138,0,0,8.00,3,0,8.00,0,3,8.00
FX,30531149,1,0,8.00,0,1,8.00
A5647,30531157,0,0,0.00
A32BBC,30531613,0,0,8.00,1,0,8.00,2,0,8.00,0,2,8.00,0,1,8.00
A5647,30531627,1,0,8.00
ME087,30531784,1,0,7.50,0,1,7.50
A5647,30531793,1,0,8.00
EJ676,30531843,4,0,8.00
RR198,30532086,2,0,8.00,0,1,8.00,1,0,8.00,0,2,8.00
D9774,30532367,1,0,8.00,0,1,8.00
A74BBC,30532583,3,0,8.00,0,1,8.00,0,2,8.00
R6653,30534300,1,0,7.50
RZ434,30534566,3,0,8.00,0,1,8.00,0,2,8.00
RZ731,30534860,4,0,8.00,0,1,8.00,0,1,8.00,0,2,8.00
AN365,30535129,2,0,8.00,1,0,8.00,0,1,8.00,0,1,8.00,0,1,8.00
A5647,30535467,1,0,8.00
R6653,30536138,0,0,0.00
G43BBC,30536180,4,0,7.50,2,0,7.50,2,0,7.50,0,3,7.50,1,0,7.50
RZ434,30536195,1,0,8.00,1,0,8.00
R6653,30536203,1,0,7.50
A5409,30536272,1,0,8.00,1,0,8.00
RV454,30536652,1,0,8.00,0,1,8.00
G43BBC,30536721,1,0,7.50,1,0,7.50,2,1,7.50,1,0,7.50,1,0,7.50
AH403,30537118,1,0,7.50,1,0,7.50,0,1,7.50,0,1,7.50
A5647,30537132,1,0,8.00
RZ434,30537315,2,0,8.00,2,0,8.00
C9253,30537876,3,0,7.50,0,2,7.50,1,0,7.50,1,0,7.50,2,0,7.50,3,0,7.50,2,0,7.50,1,0,7.50,0,1,7.50,0,3,7.50,0,1,7.50,0,6,7.50
A5409,30538000,1,0,8.00,1,0,8.00,0,2,8.00
A32BBC,30538243,3,0,8.00,0,1,8.00,0,2,8.00
A726BBG,30538744,1,0,8.00,2,0,8.00,1,0,8.00,0,1,8.00,0,1,8.00,0,1,8.00,0,1,8.00
RZ434,30538845,2,0,8.00,2,1,8.00,0,3,8.00
RR198,30539145,1,0,8.00,1,0,8.00,1,0,8.00,0,1,8.00,0,2,8.00
R6653,30541307,1,0,7.50,1,0,7.50,0,1,7.50,1,0,7.50,0,1,7.50,0,1,7.50
A74BBC,30541510,4,0,8.00,0,1,8.00,0,3,8.00
EJ676,30541958,4,0,8.00,0,1,8.00,1,2,8.00,0,2,8.00
RV454,30542110,1,0,8.00,1,0,8.00,0,2,8.00
RZ731,30542446,1,0,8.00,1,0,8.00,0,1,8.00,1,0,8.00,0,2,8.00
G43BBC,30542536,2,0,7.50,4,0,7.50
RZ434,30542576,2,0,8.00,1,0,8.00
RH955,30542585,1,0,33.00,0,1,33.00
A56BBC,30542608,4,0,8.00,0,2,8.00,0,2,8.00
A32BBC,30542868,1,0,8.00,1,0,8.00,0,2,8.00,0,2,8.00,0,1,8.00
RZ434,30542892,3,0,8.00
A74BBC,30542970,2,0,8.00,0,1,8.00,0,1,8.00
DK313,30542980,2,0,8.00,0,2,8.00
RR198,30543205,3,0,8.00,1,0,8.00,0,1,8.00,0,2,8.00,0,1,8.00
RK684,30543536,4,0,8.00,0,1,8.00,0,1,8.00,0,2,8.00
DR014,30543792,6,0,7.50,0,2,7.50,0,1,7.50,0,1,7.50,0,2,7.50
EJ676,30544029,2,0,8.00,1,0,8.00,1,0,8.00,0,1,8.00,1,0,8.00,0,1,8.00,0,1,8.00,0,2,8.00
A32BBC,30544100,1,0,8.00,1,0,8.00
RZ434,30544179,3,0,8.00,0,1,8.00,0,2,8.00
A679BBC,30544378,3,0,8.00,0,1,8.00,0,2,8.00
A679BBC,30544703,4,0,8.00,0,1,8.00,0,1,8.00,2,0,8.00,0,2,8.00,0,2,8.00
AN365,30545106,3,0,16.00,0,2,16.00,0,0,16.00,1,0,8.00,1,0,8.00,0,2,8.00,0,1,8.00
RK684,30545208,2,0,40.00,0,2,40.00
DK313,30545216,0,0,0.00
RR198,30545405,1,0,8.00,1,0,8.00,0,1,8.00,0,1,8.00
DK313,30545430,3,0,8.00
DR014,30545560,0,0,7.50,0,0,7.50
RV454,30545684,1,0,8.00,1,0,8.00,0,1,8.00,1,0,8.00,0,2,8.00
RH955,30545881,2,0,8.00,0,2,8.00
A32BBC,30546047,2,0,8.00,1,0,8.00,0,1,8.00,0,2,8.00
A726BBG,30546788,1,0,8.00,1,0,8.00,1,0,8.00,1,0,8.00,0,1,8.00,0,3,8.00
RZ434,30546828,2,0,8.00
EJ676,30547210,3,0,8.00,1,0,8.00,0,1,8.00,0,1,8.00,0,2,8.00
RK684,30547437,1,0,8.00,0,1,8.00
D9774,30547534,4,0,8.00,0,1,8.00,0,0,8.00,0,0,8.00,0,3,8.00
A5409,30547756,1,0,8.00,1,0,8.00,0,1,8.00,0,1,8.00
A74BBC,30548169,3,0,8.00,1,0,8.00,0,1,8.00,0,1,8.00,0,2,8.00
A679BBC,30548501,3,0,8.00,0,1,8.00,0,2,8.00
D9774,30548629,1,0,8.00,0,2,8.00
RZ434,30548761,2,0,8.00,2,0,8.00,0,1,8.00,0,1,8.00
A32BBC,30548972,1,0,8.00,0,1,8.00
A5409,30549078,1,0,8.00,1,0,8.00,1,0,8.00,0,1,8.00,0,2,8.00
A5647,30549124,1,0,8.00
A5647,30549175,4,0,8.00
A5647,30549188,2,0,8.00
C9253,30549708,5,0,7.50,3,0,7.50,1,0,7.50,1,0,7.50,0,1,7.50,0,0,7.50,1,0,7.50,0,1,7.50,0,1,7.50,1,1,7.50,0,1,7.50,0,1,7.50,0,3,7.50,0,3,7.50
RH955,30549979,1,0,8.00,1,0,8.00,0,1,8.00,1,0,8.00,1,0,8.00,0,1,8.00,0,1,8.00,0,2,8.00
EJ676,30550399,1,0,8.00,2,0,8.00,1,0,8.00,0,1,8.00,0,3,8.00
A5647,30550464,2,0,8.00,0,2,8.00
A5647,30550474,0,0,0.00
A5647,30550525,2,0,8.00,1,0,8.00
A32BBC,30550719,1,0,8.00,1,0,8.00,1,0,8.00,0,1,8.00,1,0,8.00,0,1,8.00,0,1,8.00,0,1,8.00
A726BBG,30551114,0,0,8.00,1,0,8.00,1,0,8.00,0,2,8.00,0,0,8.00
A5409,30551241,1,0,8.00,1,0,8.00
RY137,30551328,3,0,8.00,1,0,8.00
RP216,30551578,4,0,8.00,0,1,8.00,0,1,8.00,0,2,8.00
M6587,30551967,4,0,8.00,0,1,8.00,1,0,8.00,0,1,8.00,0,3,8.00
EJ676,30552054,1,0,8.00,0,1,8.00
RY137,30552202,2,0,8.00
RY137,30552251,2,0,8.00
RC216,30552462,2,0,8.00,0,2,8.00,0,2,8.00
RY137,30552508,3,0,8.00,1,0,8.00
A74BBC,30552782,2,0,8.00,0,4,8.00
A32BBC,30553083,4,0,8.00,1,0,8.00,0,4,8.00,0,1,8.00,1,0,8.00,0,1,8.00,0,1,8.00,0,3,8.00
A5409,30553376,1,0,8.00,1,0,8.00,1,0,8.00,1,0,8.00,0,1,8.00,1,0,8.00,0,2,8.00,0,2,8.00
RZ434,30553449,2,0,8.00,2,0,8.00
RV454,30553927,1,0,8.00,1,0,8.00,0,2,8.00
G43BBC,30554105,22,0,7.50
RY137,30554299,2,0,8.00,2,0,8.00
A56BBC,30554428,4,0,8.00,0,0,8.00,0,2,8.00,0,1,8.00,0,1,8.00
RZ731,30554696,4,0,8.00,0,1,8.00,0,1,8.00,0,2,8.00
M6587,30555199,1,0,8.00,1,0,8.00,0,1,8.00,1,0,8.00,1,0,8.00,0,1,8.00,0,1,8.00,0,1,8.00
A726BBG,30555333,3,0,8.00,0,3,8.00
RZ434,30555437,3,0,8.00,0,2,8.00,0,2,8.00
A74BBC,30555745,2,0,8.00,1,0,8.00,1,0,8.00,0,1,8.00,0,3,8.00
G43BBC,30555884,22,0,7.50,0,1,7.50,0,1,7.50
RZ434,30555943,1,0,8.00
RY137,30556031,2,0,8.00,0,2,8.00
A32BBC,30556239,2,0,8.00,1,0,8.00,0,1,8.00,0,2,8.00,0,2,8.00
RR198,30556470,1,0,8.00,1,0,8.00
RR198,30556722,2,0,8.00,0,1,8.00,0,1,8.00
RY137,30556818,1,0,8.00
RP216,30557096,1,0,8.00,0,2,8.00
G43BBC,30557225,20,0,7.50,0,5,7.50,0,3,7.50,0,1,7.50,0,2,7.50,0,1,7.50,0,1,7.50,0,1,7.50,0,3,7.50,0,3,7.50
RZ731,30557501,1,0,8.00,1,0,8.00,0,1,8.00,0,2,8.00
RY137,30557562,3,0,8.00,0,1,8.00
A56BBC,30557656,2,0,8.00,1,0,8.00,1,0,8.00,0,0,8.00,0,2,8.00,0,1,8.00,0,1,8.00
RK684,30558011,4,0,8.00,0,4,8.00,0,1,8.00,1,0,8.00,0,1,8.00,0,1,8.00,0,2,8.00
RR198,30558137,2,0,8.00,0,2,8.00,0,2,8.00
RH955,30558365,4,0,8.00,1,3,8.00,2,1,8.00,0,1,8.00,0,1,8.00,0,1,8.00
RZ434,30558499,4,0,8.00,0,1,8.00,0,1,8.00,0,2,8.00
A74BBC,30558827,3,0,8.00,0,1,8.00,0,2,8.00
ED100,30558994,4,0,8.00,0,1,8.00,0,3,8.00
A679BBC,30559428,3,0,8.00,1,0,8.00,0,1,8.00,0,1,8.00,0,2,8.00
A679BBC,30559725,1,0,8.00,0,1,8.00
A679BBC,30560171,1,0,8.00,1,0,8.00,1,0,8.00,0,1,8.00,0,1,8.00,0,1,8.00
RV454,30560696,1,0,8.00,1,0,8.00,0,2,8.00,1,0,8.00,0,2,8.00
RY123,30560801,2,0,8.00,1,0,8.00
A5409,30561221,2,0,8.00,2,0,8.00,0,1,8.00
RY137,30561238,2,0,8.00
RP216,30561521,1,0,8.00,1,0,8.00,1,0,8.00,0,1,8.00,0,2,8.00
RY137,30561541,0,0,0.00
G43BBC,30561733,1,0,7.50,3,0,7.50,0,1,7.50,0,1,7.50,0,2,7.50
A5647,30561808,4,0,8.00
RK684,30562085,1,0,8.00,0,1,8.00
A32BBC,30562412,2,0,8.00,2,0,8.00,0,1,8.00,0,1,8.00,0,2,8.00,0,2,8.00
C9253,30562930,1,0,7.50,2,0,7.50,11,0,7.50,0,1,7.50,0,1,7.50,0,1,7.50,1,0,7.50,0,1,7.50,0,1,7.50,0,2,7.50,0,2,7.50,0,2,7.50,0,2,7.50,0,1,7.50,0,2,7.50
A5647,30563048,4,0,8.00,0,4,8.00
A5409,30563133,2,0,8.00,2,0,8.00,0,1,8.00,0,1,8.00,0,2,8.00
D9774,30563287,4,0,8.00,0,1,8.00,0,1,8.00,0,2,8.00
RY137,30563402,3,0,8.00
RH955,30563645,1,0,8.00,1,0,8.00,1,0,8.00,0,2,8.00,0,1,8.00
RV454,30563922,1,0,8.00,1,0,8.00,1,0,8.00,0,1,8.00,0,1,8.00,0,1,8.00
RZ434,30564043,1,0,8.00,1,0,8.00,0,2,8.00
RY137,30564055,0,0,0.00
M5384,30564472,1,0,7.50,1,0,7.50,1,0,7.50,3,0,7.50,2,0,7.50,2,0,7.50,1,0,7.50,2,0,7.50,1,0,7.50,0,2,7.50,0,1,7.50,0,1,7.50,0,1,7.50,0,1,7.50,0,5,7.50,2,1,7.50,0,1,7.50,0,3,7.50
A5647,30564574,4,0,8.00
A74BBC,30564867,3,0,8.00,0,1,8.00,1,0,8.00,1,0,8.00,0,1,8.00,0,1,8.00,0,2,8.00
A5647,30564911,3,0,8.00,0,3,8.00
A5647,30564926,2,0,8.00
RV454,30565060,1,0,8.00,0,1,8.00
DR014,30565134,1,0,7.50,0,1,7.50
RZ434,30565262,2,0,8.00,2,0,8.00,0,4,8.00
RR198,30565715,2,0,8.00,1,0,8.00,0,1,8.00,0,1,8.00,0,1,8.00
D9774,30565868,1,0,8.00,0,1,8.00
ED100,30566202,1,0,8.00,0,1,8.00
A5647,30566259,2,0,8.00,0,2,8.00
EJ676,30566617,4,0,8.00,0,1,8.00,0,1,8.00,1,0,8.00,0,1,8.00,0,2,8.00
RY137,30566722,2,0,8.00,1,0,8.00,0,1,8.00
A32BBC,30566914,1,0,8.00,1,0,8.00,0,2,8.00
RZ434,30567034,2,0,8.00,1,0,8.00,0,1,8.00,0,2,8.00
M5384,30567291,2,0,7.50,1,0,7.50,1,0,7.50,0,1,7.50,0,3,7.50
ED100,30567404,2,0,8.00,0,2,8.00
RY137,30567480,1,0,8.00
RV454,30567612,2,0,8.00,0,2,8.00
C9253,30567822,5,0,7.50,0,1,7.50,0,1,7.50,0,8,7.50
A5647,30567962,1,0,8.00,2,0,8.00,0,1,8.00,0,2,8.00
A5647,30567985,2,0,8.00
ED100,30568011,1,0,8.00,0,1,8.00
RZ434,30568065,2,0,8.00,1,0,8.00
A5647,30568079,1,0,8.00
A5647,30568092,1,0,8.00
RY137,30568236,2,0,8.00,0,2,8.00
G43BBC,30568510,1,0,7.50,1,0,7.50,0,2,7.50,8,0,7.50,2,0,7.50,0,2,7.50,0,1,7.50,0,1,7.50,0,1,7.50,0,1,7.50,0,4,7.50
EJ676,30568847,2,0,8.00,1,0,8.00,0,1,8.00,0,2,8.00
RZ434,30569004,3,0,8.00,0,1,8.00,1,0,8.00,0,1,8.00,0,2,8.00
A5647,30569053,2,0,8.00
RY137,30569091,3,0,8.00,1,0,8.00
RR198,30569426,1,0,8.00,0,1,8.00
A32BBC,30569818,4,0,8.00,0,1,8.00,0,1,8.00,0,2,8.00
A5647,30569860,2,0,8.00
A74BBC,30570158,2,0,8.00,1,0,8.00,1,0,8.00,0,1,8.00,1,0,8.00,0,4,8.00
RY137,30570276,3,0,8.00,1,0,8.00,0,1,8.00
A5647,30570286,2,0,8.00,0,2,8.00
M6587,30570622,4,0,8.00,0,1,8.00,0,1,8.00,0,2,8.00,0,4,8.00
A5409,30570642,2,0,8.00
RK684,30570893,4,0,8.00,0,1,8.00,0,1,8.00,0,2,8.00
RV454,30571358,3,0,8.00,0,1,8.00,0,2,8.00
AE668,30571652,12,0,7.50,0,1,7.50,0,1,7.50,0,1,7.50,0,1,7.50,0,3,7.50,0,2,7.50,0,3,7.50
RZ434,30571778,3,0,8.00,0,1,8.00,0,2,8.00
A32BBC,30571947,1,0,8.00,1,0,8.00,0,2,8.00
A56BBC,30572128,4,0,8.00,0,1,8.00,0,1,8.00,0,1,8.00,0,1,8.00
RZ434,30572208,2,0,8.00,0,2,8.00
A5409,30572254,2,0,8.00,0,0,8.00,2,2,8.00,0,2,8.00
M6587,30572493,1,0,8.00,0,1,8.00
RY137,30572563,2,0,8.00,0,2,8.00
RY137,30572652,3,0,8.00,1,0,8.00
RP216,30572872,4,0,8.00,0,1,8.00,0,3,8.00
A32BBC,30572983,1,0,8.00,0,1,8.00
ED100,30573106,3,0,8.00,0,1,8.00,0,3,8.00,0,2,8.00
ED100,30573386,2,0,8.00,0,4,8.00
A679BBC,30573593,1,0,8.00,1,0,8.00,0,2,8.00
RK684,30573798,1,0,8.00,1,0,8.00,1,0,8.00,0,1,8.00,0,2,8.00
RY137,30573836,3,0,8.00,1,0,8.00,0,1,8.00,0,1,8.00
AE668,30574011,1,0,7.50,0,1,7.50
A74BBC,30574888,4,0,8.00,0,1,8.00,0,2,8.00,0,1,8.00
M5384,30575372,1,0,7.50,6,1,7.50,2,0,7.50,2,0,7.50,2,0,7.50,2,0,7.50,1,0,7.50,0,1,7.50,0,1,7.50,0,1,7.50,0,2,7.50,0,1,7.50,0,2,7.50,0,2,7.50,0,2,7.50,0,1,7.50,0,2,7.50
A679BBC,30575442,2,0,8.00,0,2,8.00
RZ434,30575667,3,0,8.00,1,0,8.00,0,1,8.00
A74BBC,30575716,4,0,8.00,0,4,8.00
RH955,30576033,4,0,8.00,2,2,8.00,0,1,8.00,0,1,8.00,0,1,8.00,0,1,8.00
RY137,30576148,2,0,8.00,2,0,8.00
AE668,30576175,1,0,7.50,0,1,7.50
DR014,30576445,15,0,7.50,0,1,7.50,0,1,7.50,0,1,7.50,0,12,7.50
A5409,30576490,3,0,8.00,0,1,8.00,0,2,8.00
D9774,30576654,4,0,8.00,0,4,8.00
RZ434,30576806,3,0,8.00,0,1,8.00,1,0,8.00,0,3,8.00
G43BBC,30576972,21,0,7.50,0,1,7.50,0,1,7.50
RP216,30577245,1,0,8.00,0,1,8.00
G43BBC,30577292,21,0,7.50,0,1,7.50,0,1,7.50,0,0,7.50,0,1,7.50
DR014,30577398,1,0,7.50
R6653,30577498,15,0,5.00,0,1,5.00,0,4,5.00,0,0,5.00,0,10,5.00,0,0,5.00
M5384,30577754,1,0,7.50,1,0,7.50,1,0,7.50,0,1,7.50,0,2,7.50
A56BBC,30577952,1,0,8.00,0,1,8.00
G43BBC,30578031,11,0,7.50,0,11,7.50,0,1,7.50,0,1,7.50,0,2,7.50,0,7,7.50
A726BBG,30578390,3,0,8.00,0,3,8.00
A32BBC,30578771,4,0,8.00,0,1,8.00,1,0,8.00,0,2,8.00,0,1,8.00,0,1,8.00
RZ434,30578900,1,0,8.00,1,0,8.00,1,0,8.00
G43BBC,30578994,1,0,7.50
RZ434,30579077,3,0,8.00,0,1,8.00
RY137,30579176,1,0,8.00
A5647,30579197,4,0,8.00
AE668,30579335,15,0,7.50,0,5,7.50,0,10,7.50
G43BBC,30579375,1,0,7.50,1,0,7.50
A74BBC,30579627,2,0,8.00,2,0,8.00,0,2,8.00,0,2,8.00
RK684,30579860,4,0,8.00,0,1,8.00,0,3,8.00
RH955,30580114,1,0,8.00,1,0,8.00,1,1,8.00,1,0,8.00,0,1,8.00,0,2,8.00
RV454,30580595,1,0,8.00,1,0,8.00,1,0,8.00,0,1,8.00,0,1,8.00,0,1,8.00
RV454,30581076,1,0,8.00,1,0,8.00,1,0,8.00,0,1,8.00,0,1,8.00,0,1,8.00
A679BBC,30581427,4,0,8.00,0,3,8.00,0,2,8.00,0,3,8.00
AH316,30581842,16,0,8.00,0,1,8.00,0,1,8.00,0,2,8.00,0,1,8.00,0,1,8.00,0,2,8.00,0,1,8.00,0,1,8.00,0,1,8.00,0,1,8.00,0,1,8.00,0,3,8.00
RZ434,30581959,2,0,8.00,1,1,8.00,0,2,8.00
AAA123,30582216,3,0,8.00,0,1,8.00,0,5,8.00
C9253,30582651,16,0,7.50,0,1,7.50,0,1,7.50,0,1,7.50,2,0,7.50,0,2,7.50,0,2,7.50,0,4,7.50,0,2,7.50,0,5,7.50
ME087,30583209,15,0,7.00,0,1,7.00,0,1,7.00,0,5,7.00,0,1,7.00,0,1,7.00,0,4,7.00,0,1,7.00,0,1,7.00
C9253,30583525,1,0,7.50,0,1,7.50,0,1,7.50
RY137,30583580,1,0,8.00,0,1,8.00
RV454,30583670,1,0,8.00,0,1,8.00
A5647,30583686,4,0,8.00
A5647,30583755,4,0,8.00
CV368,30584207,1,0,8.00,3,0,8.00,0,1,8.00,0,1,8.00,0,1,8.00,2,0,8.00,0,1,8.00,0,2,8.00,0,1,8.00
EJ676,30584696,4,0,8.00,0,1,8.00,0,1,8.00,1,0,8.00,0,1,8.00,0,2,8.00
A5647,30584723,4,0,8.00
R6653,30584842,15,0,5.00,0,1,5.00,0,1,5.00,0,6,5.00,0,7,5.00
AE668,30584906,1,0,7.50,0,1,7.50
A5647,30584946,4,0,8.00
RK684,30585124,1,0,8.00,0,1,8.00
A726BBG,30585468,1,0,8.00,3,0,8.00,0,4,8.00
DR014,30585838,15,0,7.50,0,2,7.50,0,1,7.50,0,2,7.50,0,1,7.50,0,1,7.50,0,2,7.50,0,2,7.50
A5647,30585874,4,0,8.00
RZ731,30586209,4,0,8.00,0,1,8.00,0,1,8.00,1,0,8.00,0,1,8.00,0,2,8.00
R6653,30586372,1,0,5.00,1,0,5.00,1,0,5.00,1,0,5.00,0,3,5.00
M5384,30586774,18,0,7.50,0,3,7.50,0,2,7.50,0,1,7.50,0,1,7.50,0,1,7.50,0,2,7.50,0,2,7.50,0,24,7.50
RV454,30586981,1,0,8.00,0,1,8.00
M6587,30587897,4,0,8.00,0,1,8.00,0,1,8.00,0,2,8.00
DR014,30587964,1,0,7.50
ED100,30588285,4,0,8.00,0,1,8.00,0,1,8.00,0,2,8.00
AH403,30588848,15,0,7.50,0,1,7.50,0,1,7.50,0,1,7.50,0,1,7.50,0,1,7.50,0,2,7.50,0,1,7.50,0,0,7.50,0,1,7.50,0,2,7.50,0,1,7.50,0,1,7.50,0,0,7.50,0,1,7.50,0,0,7.50,0,0,7.50,0,1,7.50
AE668,30589031,15,0,7.50,0,1,7.50,0,1,7.50,0,5,7.50,0,8,7.50
A32BBC,30589520,2,0,8.00,2,0,8.00,0,2,8.00,2,0,8.00,0,2,8.00,0,2,8.00
RP216,30589912,4,0,8.00,0,1,8.00,0,1,8.00,0,2,8.00
A679BBC,30590154,1,0,8.00,1,0,8.00,0,1,8.00,0,1,8.00
RZ434,30590514,2,0,8.00,2,0,8.00,0,1,8.00,0,1,8.00,0,2,8.00
G43BBC,30590619,1,0,7.50,0,1,7.50
A56BBC,30590859,1,0,8.00,1,0,8.00,1,0,8.00,1,0,8.00,0,1,8.00,0,1,8.00,0,2,8.00
C9253,30591267,15,0,7.50,0,1,7.50,0,3,7.50,0,1,7.50,0,3,7.50,0,1,7.50,0,2,7.50,0,4,7.50
DR014,30591387,1,0,7.50,0,1,7.50
AE668,30591418,1,0,7.50,2,1,7.50,0,2,7.50
RK684,30591632,4,0,8.00,0,2,8.00,0,2,8.00
A74BBC,30592100,2,0,8.00,1,0,8.00,1,0,8.00,0,1,8.00,0,1,8.00,0,2,8.00
ED100,30592245,1,0,8.00,0,1,8.00
RZ731,30592517,1,0,8.00,0,1,8.00
A5647,30592563,2,0,8.00,0,1,8.00,0,1,8.00
RZ434,30592776,1,0,8.00,1,0,8.00,0,2,8.00
CV368,30593217,1,0,8.00,1,0,8.00,2,0,8.00,0,2,8.00,0,2,8.00
A5647,30593269,1,0,8.00,1,0,8.00
ME087,30593703,14,0,7.00,0,1,7.00,0,2,7.00,0,1,7.00,0,1,7.00,0,1,7.00,0,5,7.00,0,1,7.00,0,2,7.00
A32BBC,30593979,1,0,8.00,0,1,8.00
G43BBC,30594028,15,0,7.50
A5647,30594048,2,0,8.00
C9253,30594156,2,0,7.50,0,2,7.50
RH955,30594437,4,0,8.00,0,1,8.00,0,1,8.00,0,1,8.00,0,1,8.00
R6653,30594681,13,0,5.00,0,1,5.00,0,5,5.00,0,7,5.00
RP216,30595006,1,0,8.00,0,1,8.00
RK684,30595182,1,0,8.00,0,1,8.00
A5647,30595211,3,0,8.00
A56BBC,30595432,1,0,8.00,0,1,8.00
A5647,30595465,3,0,8.00
R6653,30595544,1,0,5.00,0,1,5.00
RY137,30595911,4,0,8.00,0,1,8.00,1,0,8.00,0,4,8.00,0,0,8.00
A5647,30595947,4,0,8.00
G6499,30596398,2,0,8.00,2,0,8.00,8,0,8.00,0,1,8.00,4,0,8.00,1,0,8.00,0,1,8.00,0,1,8.00,0,1,8.00,0,1,8.00,0,1,8.00,0,1,8.00,0,3,8.00,0,2,8.00,0,2,8.00,0,1,8.00,0,1,8.00,0,1,8.00
G6499,30596824,1,0,8.00,1,0,8.00,1,0,8.00,0,2,8.00,2,0,8.00,0,2,8.00,0,2,8.00
G6499,30597128,2,0,8.00,0,0,8.00,1,0,8.00,0,1,8.00,0,1,8.00,0,3,8.00
G6499,30597487,1,0,8.00,1,0,8.00,1,0,8.00,3,0,8.00,2,0,8.00,3,0,8.00,1,0,8.00,1,0,8.00,0,1,8.00,0,1,8.00,0,1,8.00,1,0,8.00,0,1,8.00,0,1,8.00,0,1,8.00,0,1,8.00,0,2,8.00,0,1,8.00,0,2,8.00,0,2,8.00
G6499,30598188,3,0,8.00,1,0,8.00,0,1,8.00,2,0,8.00,5,2,8.00,1,0,8.00,1,0,8.00,1,0,8.00,1,1,8.00,1,0,8.00,0,1,8.00,0,1,8.00,0,1,8.00,0,1,8.00,1,0,8.00,0,2,8.00,3,10,8.00,0,3,8.00
G6499,30598682,2,0,8.00,1,0,8.00,0,1,8.00,1,0,8.00,0,1,8.00,0,2,8.00
G6499,30598963,15,0,8.00,0,1,8.00,0,1,8.00,0,2,8.00,0,2,8.00,0,1,8.00,0,1,8.00,0,2,8.00,0,2,8.00,0,1,8.00,0,1,8.00,0,1,8.00
G6499,30599480,11,0,8.00,0,1,8.00,0,1,8.00,0,1,8.00,1,0,8.00,0,1,8.00,0,1,8.00,0,1,8.00,0,1,8.00,0,1,8.00,0,1,8.00,1,1,8.00,0,1,8.00,0,1,8.00,0,1,8.00
M6587,30599944,2,0,8.00,1,0,8.00,0,1,8.00,1,0,8.00,1,0,8.00,0,1,8.00,1,0,8.00,0,4,8.00
A5647,30599998,4,0,8.00,0,1,8.00
A5647,30600074,3,0,8.00,0,3,8.00
RY137,30600244,1,0,8.00
A726BBG,30600750,1,0,8.00,3,0,8.00,0,4,8.00
RY137,30600837,1,0,8.00
G43BBC,30601402,15,0,7.50,0,1,7.50,0,2,7.50,0,1,7.50,0,1,7.50,0,1,7.50,0,0,7.50,0,1,7.50,0,1,7.50,0,1,7.50,0,1,7.50,0,5,7.50
RH955,30601750,1,0,8.00,1,1,8.00,1,1,8.00,1,1,8.00,1,0,8.00,0,1,8.00,0,1,8.00
G43BBC,30601804,4,0,7.50,1,0,7.50
RZ731,30606022,15,0,20.00,0,2,20.00,0,13,20.00
B123AGV,30606048,0,0,5.00,0,0,5.00
B991BDO,30606059,6,0,5.00,0,2,5.00,0,4,5.00
B711AXY,30606093,14,0,5.00,0,2,5.00,0,4,5.00,0,8,5.00
B437BGP,30606135,5,0,5.00,0,1,5.00,0,0,5.00,0,4,5.00
AAA123,30625111,4,0,10.00,0,2,10.00,0,1,10.00,0,0,10.00,0,1,10.00
DR014,30627217,15,0,7.50,0,2,7.50,0,1,7.50,0,2,7.50,0,1,7.50,0,1,7.50,0,2,7.50,0,2,7.50
AS203,30627239,2,0,8.00,3,0,8.00
AS203,30627249,4,0,8.00,3,0,8.00,3,0,8.00,0,3,8.00,3,0,8.00,0,15,8.00
